run,algorithm,iteration,front_size,hypervolume,hypervolume_ratio
0,MOGWO,20,35,0.000000,0.000000
0,MOGWO,40,37,0.000000,0.000000
0,MOGWO,60,39,0.000000,0.000000
0,MOGWO,80,41,0.000000,0.000000
0,MOGWO,100,37,0.000000,0.000000
0,MOGWO,120,26,0.000000,0.000000
0,MOGWO,140,29,0.000000,0.000000
0,MOGWO,160,34,0.000000,0.000000
0,MOGWO,180,38,0.000705,0.000530
0,MOGWO,200,40,0.000705,0.000530
0,MOGWO,220,41,0.003270,0.002457
0,MOGWO,240,30,0.003270,0.002457
0,MOGWO,260,31,0.003270,0.002457
0,MOGWO,280,35,0.003270,0.002457
0,MOGWO,300,37,0.003278,0.002463
0,MOGWO,320,37,0.011357,0.008532
0,MOGWO,340,45,0.013071,0.009821
0,MOGWO,360,40,0.027042,0.020317
0,MOGWO,380,33,0.027972,0.021016
0,MOGWO,400,48,0.029819,0.022403
0,MOGWO,420,31,0.039666,0.029801
0,MOGWO,440,46,0.040405,0.030357
0,MOGWO,460,51,0.042388,0.031847
0,MOGWO,480,68,0.047418,0.035626
0,MOGWO,500,53,0.059719,0.044867
0,MOGWO,520,47,0.061473,0.046186
0,MOGWO,540,40,0.070202,0.052744
0,MOGWO,560,47,0.071147,0.053454
0,MOGWO,580,47,0.073216,0.055008
0,MOGWO,600,48,0.075257,0.056542
0,MOGWO,620,54,0.076552,0.057515
0,MOGWO,640,55,0.079132,0.059453
0,MOGWO,660,56,0.082801,0.062210
0,MOGWO,680,50,0.090256,0.067810
0,MOGWO,700,47,0.093338,0.070126
0,MOGWO,720,62,0.094835,0.071251
0,MOGWO,740,43,0.100809,0.075739
0,MOGWO,760,40,0.104101,0.078213
0,MOGWO,780,39,0.108194,0.081288
0,MOGWO,800,33,0.109517,0.082282
0,MOGWO,820,33,0.113738,0.085453
0,MOGWO,840,39,0.113919,0.085589
0,MOGWO,860,39,0.114857,0.086293
0,MOGWO,880,29,0.118704,0.089184
0,MOGWO,900,32,0.123958,0.093131
0,MOGWO,920,38,0.127991,0.096161
0,MOGWO,940,41,0.136577,0.102612
0,MOGWO,960,46,0.137042,0.102962
0,MOGWO,980,51,0.137060,0.102975
0,MOGWO,1000,50,0.137144,0.103038
0,NSGA-II,20,30,0.000000,0.000000
0,NSGA-II,40,51,0.013950,0.010481
0,NSGA-II,60,42,0.018026,0.013543
0,NSGA-II,80,51,0.027019,0.020299
0,NSGA-II,100,45,0.036287,0.027263
0,NSGA-II,120,42,0.047199,0.035462
0,NSGA-II,140,28,0.047660,0.035808
0,NSGA-II,160,23,0.048893,0.036734
0,NSGA-II,180,20,0.052051,0.039107
0,NSGA-II,200,21,0.094019,0.070638
0,NSGA-II,220,16,0.158873,0.119364
0,NSGA-II,240,6,0.284679,0.213884
0,NSGA-II,260,15,0.321164,0.241295
0,NSGA-II,280,22,0.335888,0.252357
0,NSGA-II,300,12,0.394090,0.296086
0,NSGA-II,320,18,0.407145,0.305894
0,NSGA-II,340,9,0.572617,0.430216
0,NSGA-II,360,9,0.591121,0.444118
0,NSGA-II,380,4,0.666699,0.500900
0,NSGA-II,400,5,0.667251,0.501315
0,NSGA-II,420,7,0.697359,0.523936
0,NSGA-II,440,7,0.701503,0.527050
0,NSGA-II,460,8,0.707410,0.531488
0,NSGA-II,480,11,0.716398,0.538241
0,NSGA-II,500,9,0.729903,0.548387
0,NSGA-II,520,12,0.730409,0.548767
0,NSGA-II,540,10,0.743212,0.558386
0,NSGA-II,560,11,0.743385,0.558516
0,NSGA-II,580,14,0.770567,0.578938
0,NSGA-II,600,13,0.839756,0.630921
0,NSGA-II,620,11,0.853237,0.641049
0,NSGA-II,640,13,0.854006,0.641627
0,NSGA-II,660,17,0.858187,0.644768
0,NSGA-II,680,16,0.880236,0.661334
0,NSGA-II,700,16,0.880685,0.661672
0,NSGA-II,720,18,0.880860,0.661803
0,NSGA-II,740,17,0.881170,0.662036
0,NSGA-II,760,18,0.881182,0.662045
0,NSGA-II,780,18,0.895098,0.672500
0,NSGA-II,800,20,0.896305,0.673407
0,NSGA-II,820,23,0.896772,0.673758
0,NSGA-II,840,22,0.899817,0.676046
0,NSGA-II,860,25,0.902068,0.677737
0,NSGA-II,880,22,0.902925,0.678381
0,NSGA-II,900,23,0.908682,0.682706
0,NSGA-II,920,23,0.909846,0.683581
0,NSGA-II,940,24,0.909855,0.683587
0,NSGA-II,960,25,0.909857,0.683589
0,NSGA-II,980,25,0.909918,0.683634
0,NSGA-II,1000,27,0.917354,0.689222
0,NSGA-III,20,37,0.000000,0.000000
0,NSGA-III,40,21,0.000000,0.000000
0,NSGA-III,60,25,0.023515,0.017667
0,NSGA-III,80,26,0.041069,0.030856
0,NSGA-III,100,16,0.178407,0.134040
0,NSGA-III,120,11,0.266695,0.200372
0,NSGA-III,140,23,0.333673,0.250694
0,NSGA-III,160,13,0.362747,0.272537
0,NSGA-III,180,19,0.395032,0.296794
0,NSGA-III,200,8,0.548637,0.412199
0,NSGA-III,220,13,0.659282,0.495328
0,NSGA-III,240,7,0.709008,0.532688
0,NSGA-III,260,4,0.773384,0.581055
0,NSGA-III,280,8,0.795268,0.597496
0,NSGA-III,300,10,0.805590,0.605252
0,NSGA-III,320,10,0.817187,0.613965
0,NSGA-III,340,4,0.906131,0.680790
0,NSGA-III,360,5,0.906819,0.681307
0,NSGA-III,380,6,0.907437,0.681771
0,NSGA-III,400,8,0.913664,0.686449
0,NSGA-III,420,7,0.924916,0.694903
0,NSGA-III,440,4,0.934285,0.701942
0,NSGA-III,460,4,0.941827,0.707608
0,NSGA-III,480,4,0.941827,0.707608
0,NSGA-III,500,4,0.963432,0.723841
0,NSGA-III,520,4,0.963432,0.723841
0,NSGA-III,540,4,0.985749,0.740608
0,NSGA-III,560,5,0.989313,0.743286
0,NSGA-III,580,5,0.989313,0.743286
0,NSGA-III,600,5,0.989313,0.743286
0,NSGA-III,620,7,1.002113,0.752902
0,NSGA-III,640,9,1.009872,0.758732
0,NSGA-III,660,10,1.028300,0.772577
0,NSGA-III,680,11,1.050383,0.789168
0,NSGA-III,700,4,1.098074,0.824999
0,NSGA-III,720,5,1.099646,0.826180
0,NSGA-III,740,7,1.107893,0.832377
0,NSGA-III,760,7,1.107893,0.832377
0,NSGA-III,780,7,1.107893,0.832377
0,NSGA-III,800,5,1.157066,0.869321
0,NSGA-III,820,6,1.157072,0.869325
0,NSGA-III,840,7,1.168825,0.878155
0,NSGA-III,860,6,1.169484,0.878650
0,NSGA-III,880,6,1.169484,0.878650
0,NSGA-III,900,6,1.169484,0.878650
0,NSGA-III,920,6,1.169484,0.878650
0,NSGA-III,940,7,1.169717,0.878826
0,NSGA-III,960,6,1.195860,0.898467
0,NSGA-III,980,6,1.198433,0.900401
0,NSGA-III,1000,6,1.198433,0.900401
1,MOGWO,20,24,0.000000,0.000000
1,MOGWO,40,29,0.000702,0.000528
1,MOGWO,60,44,0.000702,0.000528
1,MOGWO,80,39,0.000702,0.000528
1,MOGWO,100,46,0.000702,0.000528
1,MOGWO,120,52,0.000702,0.000528
1,MOGWO,140,58,0.000702,0.000528
1,MOGWO,160,48,0.000702,0.000528
1,MOGWO,180,46,0.000702,0.000528
1,MOGWO,200,51,0.002636,0.001980
1,MOGWO,220,47,0.005946,0.004468
1,MOGWO,240,50,0.005946,0.004468
1,MOGWO,260,54,0.032026,0.024062
1,MOGWO,280,61,0.032026,0.024062
1,MOGWO,300,54,0.035961,0.027018
1,MOGWO,320,55,0.036909,0.027730
1,MOGWO,340,65,0.042466,0.031906
1,MOGWO,360,74,0.042970,0.032284
1,MOGWO,380,69,0.043667,0.032807
1,MOGWO,400,58,0.044179,0.033193
1,MOGWO,420,64,0.068481,0.051450
1,MOGWO,440,64,0.080640,0.060586
1,MOGWO,460,61,0.085044,0.063895
1,MOGWO,480,82,0.086369,0.064890
1,MOGWO,500,95,0.087843,0.065998
1,MOGWO,520,62,0.092755,0.069688
1,MOGWO,540,57,0.097630,0.073351
1,MOGWO,560,56,0.100202,0.075283
1,MOGWO,580,77,0.133359,0.100194
1,MOGWO,600,85,0.139773,0.105013
1,MOGWO,620,92,0.146827,0.110313
1,MOGWO,640,91,0.154149,0.115815
1,MOGWO,660,81,0.157565,0.118381
1,MOGWO,680,85,0.160011,0.120219
1,MOGWO,700,92,0.169181,0.127108
1,MOGWO,720,94,0.175550,0.131893
1,MOGWO,740,98,0.176671,0.132736
1,MOGWO,760,100,0.179188,0.134626
1,MOGWO,780,96,0.192332,0.144502
1,MOGWO,800,100,0.193773,0.145584
1,MOGWO,820,99,0.195358,0.146775
1,MOGWO,840,92,0.199687,0.150028
1,MOGWO,860,97,0.199759,0.150082
1,MOGWO,880,97,0.200775,0.150845
1,MOGWO,900,92,0.205692,0.154539
1,MOGWO,920,87,0.214351,0.161045
1,MOGWO,940,79,0.221221,0.166207
1,MOGWO,960,85,0.227344,0.170807
1,MOGWO,980,93,0.230890,0.173471
1,MOGWO,1000,90,0.232143,0.174413
1,NSGA-II,20,30,0.000000,0.000000
1,NSGA-II,40,28,0.062146,0.046691
1,NSGA-II,60,37,0.067532,0.050738
1,NSGA-II,80,26,0.070486,0.052957
1,NSGA-II,100,34,0.076195,0.057247
1,NSGA-II,120,34,0.078215,0.058764
1,NSGA-II,140,41,0.096985,0.072866
1,NSGA-II,160,42,0.143874,0.108094
1,NSGA-II,180,42,0.149782,0.112533
1,NSGA-II,200,25,0.218194,0.163932
1,NSGA-II,220,25,0.295905,0.222318
1,NSGA-II,240,26,0.356815,0.268081
1,NSGA-II,260,29,0.367903,0.276411
1,NSGA-II,280,22,0.415325,0.312040
1,NSGA-II,300,24,0.439885,0.330492
1,NSGA-II,320,29,0.492029,0.369669
1,NSGA-II,340,20,0.552824,0.415345
1,NSGA-II,360,16,0.687035,0.516180
1,NSGA-II,380,13,0.736278,0.553176
1,NSGA-II,400,15,0.738381,0.554756
1,NSGA-II,420,17,0.752063,0.565036
1,NSGA-II,440,16,0.801698,0.602327
1,NSGA-II,460,16,0.999764,0.751138
1,NSGA-II,480,15,0.999893,0.751235
1,NSGA-II,500,18,1.000601,0.751767
1,NSGA-II,520,10,1.026865,0.771499
1,NSGA-II,540,12,1.031383,0.774893
1,NSGA-II,560,18,1.033366,0.776383
1,NSGA-II,580,17,1.037851,0.779753
1,NSGA-II,600,16,1.039370,0.780894
1,NSGA-II,620,17,1.044436,0.784700
1,NSGA-II,640,7,1.074971,0.807642
1,NSGA-II,660,7,1.074971,0.807642
1,NSGA-II,680,8,1.075058,0.807707
1,NSGA-II,700,8,1.075058,0.807707
1,NSGA-II,720,9,1.076465,0.808764
1,NSGA-II,740,9,1.116159,0.838587
1,NSGA-II,760,11,1.118748,0.840532
1,NSGA-II,780,11,1.118748,0.840532
1,NSGA-II,800,11,1.118748,0.840532
1,NSGA-II,820,11,1.190717,0.894603
1,NSGA-II,840,2,1.198857,0.900719
1,NSGA-II,860,2,1.198857,0.900719
1,NSGA-II,880,4,1.209680,0.908850
1,NSGA-II,900,4,1.209680,0.908850
1,NSGA-II,920,6,1.210020,0.909106
1,NSGA-II,940,5,1.218794,0.915698
1,NSGA-II,960,6,1.271975,0.955654
1,NSGA-II,980,5,1.310420,0.984538
1,NSGA-II,1000,5,1.311852,0.985614
1,NSGA-III,20,31,0.000000,0.000000
1,NSGA-III,40,39,0.018288,0.013740
1,NSGA-III,60,31,0.036727,0.027593
1,NSGA-III,80,41,0.063369,0.047610
1,NSGA-III,100,36,0.065463,0.049183
1,NSGA-III,120,26,0.074608,0.056054
1,NSGA-III,140,31,0.076301,0.057326
1,NSGA-III,160,39,0.124687,0.093679
1,NSGA-III,180,36,0.152533,0.114600
1,NSGA-III,200,38,0.164500,0.123591
1,NSGA-III,220,35,0.184485,0.138607
1,NSGA-III,240,43,0.185638,0.139472
1,NSGA-III,260,45,0.190166,0.142875
1,NSGA-III,280,46,0.203756,0.153085
1,NSGA-III,300,45,0.236235,0.177487
1,NSGA-III,320,44,0.255222,0.191752
1,NSGA-III,340,43,0.274973,0.206591
1,NSGA-III,360,38,0.284895,0.214045
1,NSGA-III,380,42,0.287953,0.216343
1,NSGA-III,400,38,0.295966,0.222363
1,NSGA-III,420,39,0.296970,0.223118
1,NSGA-III,440,42,0.299645,0.225128
1,NSGA-III,460,42,0.306148,0.230014
1,NSGA-III,480,46,0.314200,0.236063
1,NSGA-III,500,47,0.337796,0.253791
1,NSGA-III,520,50,0.343069,0.257753
1,NSGA-III,540,50,0.350508,0.263342
1,NSGA-III,560,55,0.352108,0.264544
1,NSGA-III,580,35,0.374903,0.281670
1,NSGA-III,600,29,0.375886,0.282409
1,NSGA-III,620,34,0.391555,0.294181
1,NSGA-III,640,37,0.396565,0.297945
1,NSGA-III,660,41,0.410536,0.308442
1,NSGA-III,680,45,0.413288,0.310509
1,NSGA-III,700,49,0.416915,0.313235
1,NSGA-III,720,53,0.417061,0.313344
1,NSGA-III,740,53,0.424022,0.318574
1,NSGA-III,760,44,0.453042,0.340377
1,NSGA-III,780,33,0.462292,0.347327
1,NSGA-III,800,32,0.476264,0.357824
1,NSGA-III,820,27,0.495351,0.372165
1,NSGA-III,840,27,0.496526,0.373048
1,NSGA-III,860,27,0.529168,0.397572
1,NSGA-III,880,33,0.546954,0.410934
1,NSGA-III,900,36,0.547242,0.411151
1,NSGA-III,920,38,0.552227,0.414896
1,NSGA-III,940,32,0.559471,0.420339
1,NSGA-III,960,35,0.561436,0.421815
1,NSGA-III,980,40,0.561843,0.422121
1,NSGA-III,1000,40,0.562724,0.422783
2,MOGWO,20,18,0.000000,0.000000
2,MOGWO,40,23,0.000000,0.000000
2,MOGWO,60,15,0.000000,0.000000
2,MOGWO,80,15,0.000000,0.000000
2,MOGWO,100,27,0.000000,0.000000
2,MOGWO,120,23,0.000000,0.000000
2,MOGWO,140,21,0.000000,0.000000
2,MOGWO,160,9,0.000000,0.000000
2,MOGWO,180,12,0.000000,0.000000
2,MOGWO,200,15,0.000000,0.000000
2,MOGWO,220,14,0.000000,0.000000
2,MOGWO,240,16,0.000000,0.000000
2,MOGWO,260,14,0.000000,0.000000
2,MOGWO,280,15,0.000000,0.000000
2,MOGWO,300,9,0.000000,0.000000
2,MOGWO,320,1,0.000000,0.000000
2,MOGWO,340,2,0.000000,0.000000
2,MOGWO,360,9,0.000000,0.000000
2,MOGWO,380,3,0.000000,0.000000
2,MOGWO,400,6,0.000000,0.000000
2,MOGWO,420,4,0.135827,0.102049
2,MOGWO,440,7,0.145741,0.109498
2,MOGWO,460,9,0.224138,0.168398
2,MOGWO,480,9,0.331009,0.248692
2,MOGWO,500,13,0.345087,0.259269
2,MOGWO,520,7,0.362012,0.271985
2,MOGWO,540,13,0.409782,0.307875
2,MOGWO,560,15,0.468855,0.352258
2,MOGWO,580,18,0.559396,0.420282
2,MOGWO,600,8,0.610734,0.458854
2,MOGWO,620,13,0.611263,0.459251
2,MOGWO,640,17,0.678893,0.510062
2,MOGWO,660,19,0.679643,0.510626
2,MOGWO,680,21,0.680894,0.511566
2,MOGWO,700,15,0.681085,0.511709
2,MOGWO,720,12,0.690242,0.518589
2,MOGWO,740,14,0.716612,0.538401
2,MOGWO,760,18,0.793753,0.596358
2,MOGWO,780,20,0.895763,0.673000
2,MOGWO,800,20,0.910954,0.684413
2,MOGWO,820,17,0.930577,0.699156
2,MOGWO,840,21,0.935794,0.703076
2,MOGWO,860,22,0.936041,0.703261
2,MOGWO,880,23,0.936404,0.703534
2,MOGWO,900,25,0.937080,0.704042
2,MOGWO,920,22,0.941727,0.707534
2,MOGWO,940,21,0.942714,0.708275
2,MOGWO,960,17,0.946642,0.711226
2,MOGWO,980,17,0.946649,0.711232
2,MOGWO,1000,13,0.947273,0.711700
2,NSGA-II,20,22,0.000000,0.000000
2,NSGA-II,40,28,0.000000,0.000000
2,NSGA-II,60,20,0.000000,0.000000
2,NSGA-II,80,28,0.000000,0.000000
2,NSGA-II,100,27,0.000000,0.000000
2,NSGA-II,120,20,0.000000,0.000000
2,NSGA-II,140,13,0.000000,0.000000
2,NSGA-II,160,28,0.000000,0.000000
2,NSGA-II,180,17,0.000000,0.000000
2,NSGA-II,200,13,0.000000,0.000000
2,NSGA-II,220,11,0.000000,0.000000
2,NSGA-II,240,8,0.000000,0.000000
2,NSGA-II,260,7,0.000000,0.000000
2,NSGA-II,280,9,0.000000,0.000000
2,NSGA-II,300,11,0.012043,0.009048
2,NSGA-II,320,11,0.012043,0.009048
2,NSGA-II,340,16,0.012043,0.009048
2,NSGA-II,360,18,0.012043,0.009048
2,NSGA-II,380,14,0.012043,0.009048
2,NSGA-II,400,12,0.039525,0.029696
2,NSGA-II,420,7,0.040924,0.030747
2,NSGA-II,440,13,0.040924,0.030747
2,NSGA-II,460,11,0.040924,0.030747
2,NSGA-II,480,10,0.040924,0.030747
2,NSGA-II,500,12,0.040975,0.030785
2,NSGA-II,520,12,0.040975,0.030785
2,NSGA-II,540,14,0.040975,0.030785
2,NSGA-II,560,12,0.040975,0.030785
2,NSGA-II,580,15,0.040975,0.030785
2,NSGA-II,600,15,0.040975,0.030785
2,NSGA-II,620,16,0.040975,0.030785
2,NSGA-II,640,12,0.040975,0.030785
2,NSGA-II,660,12,0.040975,0.030785
2,NSGA-II,680,12,0.057876,0.043483
2,NSGA-II,700,13,0.058182,0.043713
2,NSGA-II,720,10,0.058459,0.043921
2,NSGA-II,740,11,0.058459,0.043921
2,NSGA-II,760,11,0.058459,0.043921
2,NSGA-II,780,12,0.058459,0.043921
2,NSGA-II,800,14,0.058899,0.044252
2,NSGA-II,820,19,0.059373,0.044608
2,NSGA-II,840,20,0.157649,0.118444
2,NSGA-II,860,11,0.286300,0.215102
2,NSGA-II,880,13,0.288334,0.216629
2,NSGA-II,900,13,0.288334,0.216629
2,NSGA-II,920,10,0.296584,0.222828
2,NSGA-II,940,11,0.516305,0.387907
2,NSGA-II,960,12,0.541544,0.406870
2,NSGA-II,980,12,0.541544,0.406870
2,NSGA-II,1000,14,0.541916,0.407150
2,NSGA-III,20,26,0.000000,0.000000
2,NSGA-III,40,17,0.000000,0.000000
2,NSGA-III,60,25,0.000000,0.000000
2,NSGA-III,80,15,0.000000,0.000000
2,NSGA-III,100,8,0.000000,0.000000
2,NSGA-III,120,17,0.000000,0.000000
2,NSGA-III,140,16,0.000000,0.000000
2,NSGA-III,160,7,0.000000,0.000000
2,NSGA-III,180,8,0.000000,0.000000
2,NSGA-III,200,15,0.000000,0.000000
2,NSGA-III,220,8,0.000000,0.000000
2,NSGA-III,240,8,0.000000,0.000000
2,NSGA-III,260,7,0.000000,0.000000
2,NSGA-III,280,9,0.000000,0.000000
2,NSGA-III,300,13,0.012140,0.009121
2,NSGA-III,320,16,0.025629,0.019256
2,NSGA-III,340,15,0.025629,0.019256
2,NSGA-III,360,13,0.025629,0.019256
2,NSGA-III,380,15,0.025629,0.019256
2,NSGA-III,400,19,0.045911,0.034494
2,NSGA-III,420,17,0.045911,0.034494
2,NSGA-III,440,22,0.052204,0.039222
2,NSGA-III,460,25,0.052204,0.039222
2,NSGA-III,480,22,0.052778,0.039653
2,NSGA-III,500,17,0.120250,0.090346
2,NSGA-III,520,16,0.120523,0.090550
2,NSGA-III,540,15,0.151816,0.114062
2,NSGA-III,560,16,0.153393,0.115246
2,NSGA-III,580,12,0.159697,0.119983
2,NSGA-III,600,15,0.192517,0.144641
2,NSGA-III,620,10,0.281603,0.211572
2,NSGA-III,640,10,0.281672,0.211624
2,NSGA-III,660,11,0.305393,0.229447
2,NSGA-III,680,9,0.396319,0.297760
2,NSGA-III,700,9,0.396319,0.297760
2,NSGA-III,720,9,0.493887,0.371065
2,NSGA-III,740,11,0.541587,0.406902
2,NSGA-III,760,9,0.541856,0.407104
2,NSGA-III,780,10,0.543153,0.408079
2,NSGA-III,800,11,0.543620,0.408429
2,NSGA-III,820,11,0.543855,0.408606
2,NSGA-III,840,12,0.552583,0.415164
2,NSGA-III,860,15,0.564558,0.424161
2,NSGA-III,880,18,0.565039,0.424522
2,NSGA-III,900,19,0.565104,0.424571
2,NSGA-III,920,20,0.565421,0.424809
2,NSGA-III,940,20,0.565590,0.424936
2,NSGA-III,960,20,0.565590,0.424936
2,NSGA-III,980,22,0.643299,0.483320
2,NSGA-III,1000,22,0.644113,0.483932
3,MOGWO,20,32,0.008846,0.006646
3,MOGWO,40,38,0.013893,0.010438
3,MOGWO,60,44,0.013985,0.010507
3,MOGWO,80,31,0.014450,0.010857
3,MOGWO,100,42,0.023422,0.017597
3,MOGWO,120,37,0.032249,0.024229
3,MOGWO,140,39,0.032677,0.024550
3,MOGWO,160,34,0.033615,0.025256
3,MOGWO,180,19,0.036144,0.027155
3,MOGWO,200,24,0.036493,0.027418
3,MOGWO,220,32,0.048246,0.036248
3,MOGWO,240,29,0.050600,0.038016
3,MOGWO,260,29,0.056910,0.042757
3,MOGWO,280,38,0.073001,0.054846
3,MOGWO,300,24,0.079818,0.059968
3,MOGWO,320,31,0.087903,0.066043
3,MOGWO,340,32,0.091246,0.068555
3,MOGWO,360,34,0.102058,0.076678
3,MOGWO,380,30,0.146405,0.109996
3,MOGWO,400,26,0.154363,0.115975
3,MOGWO,420,34,0.170518,0.128113
3,MOGWO,440,19,0.253886,0.190748
3,MOGWO,460,26,0.283409,0.212929
3,MOGWO,480,40,0.295855,0.222280
3,MOGWO,500,34,0.310325,0.233152
3,MOGWO,520,35,0.318061,0.238964
3,MOGWO,540,26,0.327574,0.246111
3,MOGWO,560,15,0.346287,0.260171
3,MOGWO,580,21,0.350028,0.262981
3,MOGWO,600,26,0.390517,0.293401
3,MOGWO,620,17,0.396754,0.298087
3,MOGWO,640,25,0.398244,0.299207
3,MOGWO,660,24,0.399398,0.300074
3,MOGWO,680,26,0.401429,0.301599
3,MOGWO,700,31,0.405594,0.304729
3,MOGWO,720,28,0.409455,0.307629
3,MOGWO,740,28,0.412890,0.310210
3,MOGWO,760,34,0.414761,0.311616
3,MOGWO,780,35,0.415093,0.311865
3,MOGWO,800,39,0.420572,0.315982
3,MOGWO,820,46,0.421593,0.316749
3,MOGWO,840,48,0.423261,0.318003
3,MOGWO,860,52,0.426645,0.320545
3,MOGWO,880,51,0.427930,0.321510
3,MOGWO,900,56,0.430810,0.323674
3,MOGWO,920,59,0.432763,0.325141
3,MOGWO,940,65,0.435872,0.327477
3,MOGWO,960,67,0.435953,0.327538
3,MOGWO,980,60,0.438315,0.329312
3,MOGWO,1000,62,0.438336,0.329328
3,NSGA-II,20,26,0.024892,0.018702
3,NSGA-II,40,30,0.040394,0.030348
3,NSGA-II,60,34,0.043948,0.033019
3,NSGA-II,80,26,0.057445,0.043159
3,NSGA-II,100,33,0.059434,0.044653
3,NSGA-II,120,39,0.064458,0.048428
3,NSGA-II,140,45,0.077128,0.057947
3,NSGA-II,160,28,0.078616,0.059066
3,NSGA-II,180,29,0.080780,0.060691
3,NSGA-II,200,35,0.087054,0.065405
3,NSGA-II,220,39,0.088698,0.066640
3,NSGA-II,240,43,0.097482,0.073240
3,NSGA-II,260,35,0.098841,0.074260
3,NSGA-II,280,38,0.099409,0.074688
3,NSGA-II,300,44,0.099614,0.074841
3,NSGA-II,320,45,0.101366,0.076158
3,NSGA-II,340,47,0.101812,0.076493
3,NSGA-II,360,45,0.101882,0.076545
3,NSGA-II,380,44,0.104627,0.078607
3,NSGA-II,400,42,0.104827,0.078758
3,NSGA-II,420,41,0.105130,0.078986
3,NSGA-II,440,46,0.106324,0.079883
3,NSGA-II,460,50,0.106397,0.079938
3,NSGA-II,480,56,0.106886,0.080305
3,NSGA-II,500,57,0.127663,0.095915
3,NSGA-II,520,62,0.127952,0.096133
3,NSGA-II,540,64,0.128089,0.096235
3,NSGA-II,560,61,0.128130,0.096266
3,NSGA-II,580,66,0.128210,0.096326
3,NSGA-II,600,70,0.128562,0.096591
3,NSGA-II,620,51,0.133894,0.100596
3,NSGA-II,640,54,0.134716,0.101214
3,NSGA-II,660,54,0.142962,0.107410
3,NSGA-II,680,55,0.143041,0.107469
3,NSGA-II,700,51,0.143849,0.108076
3,NSGA-II,720,57,0.144730,0.108738
3,NSGA-II,740,58,0.144799,0.108789
3,NSGA-II,760,64,0.144883,0.108852
3,NSGA-II,780,64,0.145289,0.109157
3,NSGA-II,800,62,0.147194,0.110589
3,NSGA-II,820,58,0.150422,0.113014
3,NSGA-II,840,54,0.153237,0.115129
3,NSGA-II,860,56,0.153647,0.115437
3,NSGA-II,880,59,0.154489,0.116070
3,NSGA-II,900,61,0.154516,0.116090
3,NSGA-II,920,57,0.159190,0.119602
3,NSGA-II,940,60,0.168446,0.126556
3,NSGA-II,960,61,0.173720,0.130518
3,NSGA-II,980,58,0.183248,0.137677
3,NSGA-II,1000,56,0.183362,0.137762
3,NSGA-III,20,30,0.036107,0.027127
3,NSGA-III,40,54,0.041015,0.030815
3,NSGA-III,60,57,0.053113,0.039904
3,NSGA-III,80,51,0.059967,0.045054
3,NSGA-III,100,40,0.085207,0.064017
3,NSGA-III,120,57,0.091519,0.068759
3,NSGA-III,140,48,0.097808,0.073485
3,NSGA-III,160,50,0.105669,0.079391
3,NSGA-III,180,53,0.112146,0.084257
3,NSGA-III,200,52,0.115228,0.086572
3,NSGA-III,220,60,0.115459,0.086746
3,NSGA-III,240,48,0.118391,0.088949
3,NSGA-III,260,51,0.119042,0.089438
3,NSGA-III,280,60,0.130020,0.097686
3,NSGA-III,300,68,0.135279,0.101637
3,NSGA-III,320,75,0.135873,0.102084
3,NSGA-III,340,59,0.161234,0.121137
3,NSGA-III,360,59,0.191278,0.143710
3,NSGA-III,380,59,0.192047,0.144288
3,NSGA-III,400,50,0.200876,0.150921
3,NSGA-III,420,42,0.230912,0.173488
3,NSGA-III,440,40,0.268627,0.201824
3,NSGA-III,460,45,0.343051,0.257739
3,NSGA-III,480,43,0.367377,0.276016
3,NSGA-III,500,48,0.382005,0.287006
3,NSGA-III,520,44,0.420561,0.315974
3,NSGA-III,540,41,0.452594,0.340041
3,NSGA-III,560,43,0.476377,0.357909
3,NSGA-III,580,37,0.498291,0.374374
3,NSGA-III,600,39,0.515147,0.387038
3,NSGA-III,620,33,0.568106,0.426826
3,NSGA-III,640,34,0.624650,0.469309
3,NSGA-III,660,29,0.655794,0.492708
3,NSGA-III,680,24,0.700587,0.526361
3,NSGA-III,700,22,0.711940,0.534891
3,NSGA-III,720,11,0.797793,0.599393
3,NSGA-III,740,16,0.826152,0.620700
3,NSGA-III,760,15,0.849680,0.638377
3,NSGA-III,780,13,0.890712,0.669205
3,NSGA-III,800,13,0.923015,0.693475
3,NSGA-III,820,15,0.959611,0.720970
3,NSGA-III,840,17,0.973428,0.731351
3,NSGA-III,860,16,1.057159,0.794259
3,NSGA-III,880,19,1.065695,0.800673
3,NSGA-III,900,11,1.181188,0.887444
3,NSGA-III,920,13,1.188533,0.892962
3,NSGA-III,940,11,1.194056,0.897112
3,NSGA-III,960,10,1.226897,0.921786
3,NSGA-III,980,13,1.234976,0.927855
3,NSGA-III,1000,15,1.248351,0.937904
4,MOGWO,20,28,0.000000,0.000000
4,MOGWO,40,28,0.000000,0.000000
4,MOGWO,60,30,0.000000,0.000000
4,MOGWO,80,29,0.000000,0.000000
4,MOGWO,100,17,0.000000,0.000000
4,MOGWO,120,8,0.000000,0.000000
4,MOGWO,140,9,0.000000,0.000000
4,MOGWO,160,9,0.000000,0.000000
4,MOGWO,180,18,0.000000,0.000000
4,MOGWO,200,6,0.000000,0.000000
4,MOGWO,220,1,0.000000,0.000000
4,MOGWO,240,2,0.000000,0.000000
4,MOGWO,260,4,0.000000,0.000000
4,MOGWO,280,10,0.000000,0.000000
4,MOGWO,300,2,0.028842,0.021669
4,MOGWO,320,5,0.052085,0.039132
4,MOGWO,340,4,0.116981,0.087890
4,MOGWO,360,11,0.177242,0.133165
4,MOGWO,380,12,0.258178,0.193973
4,MOGWO,400,11,0.345672,0.259708
4,MOGWO,420,16,0.456113,0.342684
4,MOGWO,440,8,0.657790,0.494207
4,MOGWO,460,3,0.670248,0.503567
4,MOGWO,480,3,0.713253,0.535878
4,MOGWO,500,4,0.715734,0.537742
4,MOGWO,520,5,0.828280,0.622299
4,MOGWO,540,9,0.867630,0.651864
4,MOGWO,560,4,0.955409,0.717813
4,MOGWO,580,9,0.972695,0.730800
4,MOGWO,600,8,1.037439,0.779444
4,MOGWO,620,4,1.100929,0.827145
4,MOGWO,640,3,1.107518,0.832095
4,MOGWO,660,4,1.123976,0.844460
4,MOGWO,680,4,1.155516,0.868157
4,MOGWO,700,5,1.159149,0.870886
4,MOGWO,720,6,1.159152,0.870888
4,MOGWO,740,8,1.178403,0.885351
4,MOGWO,760,10,1.223437,0.919186
4,MOGWO,780,9,1.240043,0.931663
4,MOGWO,800,7,1.246728,0.936685
4,MOGWO,820,4,1.304097,0.979787
4,MOGWO,840,3,1.323460,0.994335
4,MOGWO,860,3,1.329494,0.998869
4,MOGWO,880,3,1.329494,0.998869
4,MOGWO,900,3,1.329494,0.998869
4,MOGWO,920,3,1.329494,0.998869
4,MOGWO,940,3,1.329494,0.998869
4,MOGWO,960,3,1.329494,0.998869
4,MOGWO,980,3,1.329494,0.998869
4,MOGWO,1000,3,1.329494,0.998869
4,NSGA-II,20,32,0.000000,0.000000
4,NSGA-II,40,24,0.000000,0.000000
4,NSGA-II,60,21,0.000000,0.000000
4,NSGA-II,80,20,0.000000,0.000000
4,NSGA-II,100,39,0.000000,0.000000
4,NSGA-II,120,10,0.000000,0.000000
4,NSGA-II,140,15,0.000000,0.000000
4,NSGA-II,160,8,0.000000,0.000000
4,NSGA-II,180,7,0.000000,0.000000
4,NSGA-II,200,11,0.000000,0.000000
4,NSGA-II,220,6,0.000000,0.000000
4,NSGA-II,240,12,0.000000,0.000000
4,NSGA-II,260,13,0.000000,0.000000
4,NSGA-II,280,17,0.000000,0.000000
4,NSGA-II,300,19,0.000000,0.000000
4,NSGA-II,320,13,0.000000,0.000000
4,NSGA-II,340,17,0.000000,0.000000
4,NSGA-II,360,14,0.000000,0.000000
4,NSGA-II,380,16,0.000000,0.000000
4,NSGA-II,400,3,0.000000,0.000000
4,NSGA-II,420,4,0.000000,0.000000
4,NSGA-II,440,7,0.000000,0.000000
4,NSGA-II,460,10,0.000000,0.000000
4,NSGA-II,480,10,0.000000,0.000000
4,NSGA-II,500,9,0.007338,0.005513
4,NSGA-II,520,10,0.007338,0.005513
4,NSGA-II,540,14,0.008460,0.006356
4,NSGA-II,560,16,0.013243,0.009949
4,NSGA-II,580,6,0.082636,0.062085
4,NSGA-II,600,8,0.082852,0.062248
4,NSGA-II,620,11,0.086339,0.064868
4,NSGA-II,640,11,0.086339,0.064868
4,NSGA-II,660,13,0.086340,0.064869
4,NSGA-II,680,15,0.091907,0.069051
4,NSGA-II,700,18,0.093237,0.070051
4,NSGA-II,720,16,0.099426,0.074700
4,NSGA-II,740,18,0.107311,0.080624
4,NSGA-II,760,23,0.112167,0.084273
4,NSGA-II,780,24,0.114940,0.086356
4,NSGA-II,800,24,0.131238,0.098601
4,NSGA-II,820,19,0.147297,0.110667
4,NSGA-II,840,14,0.163957,0.123183
4,NSGA-II,860,17,0.165600,0.124418
4,NSGA-II,880,19,0.165600,0.124418
4,NSGA-II,900,22,0.176912,0.132916
4,NSGA-II,920,17,0.200419,0.150578
4,NSGA-II,940,22,0.200982,0.151001
4,NSGA-II,960,10,0.361810,0.271833
4,NSGA-II,980,11,0.361814,0.271836
4,NSGA-II,1000,16,0.377638,0.283725
4,NSGA-III,20,41,0.000000,0.000000
4,NSGA-III,40,22,0.000000,0.000000
4,NSGA-III,60,13,0.000000,0.000000
4,NSGA-III,80,24,0.000000,0.000000
4,NSGA-III,100,18,0.000000,0.000000
4,NSGA-III,120,6,0.000000,0.000000
4,NSGA-III,140,13,0.000000,0.000000
4,NSGA-III,160,6,0.000000,0.000000
4,NSGA-III,180,12,0.000000,0.000000
4,NSGA-III,200,7,0.000000,0.000000
4,NSGA-III,220,6,0.014794,0.011115
4,NSGA-III,240,5,0.044625,0.033527
4,NSGA-III,260,7,0.045123,0.033902
4,NSGA-III,280,7,0.048407,0.036369
4,NSGA-III,300,11,0.051624,0.038786
4,NSGA-III,320,14,0.054005,0.040575
4,NSGA-III,340,16,0.056586,0.042514
4,NSGA-III,360,6,0.141740,0.106492
4,NSGA-III,380,4,0.151523,0.113841
4,NSGA-III,400,6,0.160777,0.120794
4,NSGA-III,420,9,0.167355,0.125737
4,NSGA-III,440,11,0.176996,0.132980
4,NSGA-III,460,10,0.237349,0.178324
4,NSGA-III,480,9,0.314438,0.236242
4,NSGA-III,500,11,0.315448,0.237001
4,NSGA-III,520,12,0.315473,0.237020
4,NSGA-III,540,10,0.329254,0.247374
4,NSGA-III,560,11,0.330586,0.248374
4,NSGA-III,580,12,0.330611,0.248393
4,NSGA-III,600,8,0.332583,0.249874
4,NSGA-III,620,10,0.333334,0.250439
4,NSGA-III,640,9,0.350485,0.263324
4,NSGA-III,660,10,0.352262,0.264660
4,NSGA-III,680,8,0.362876,0.272634
4,NSGA-III,700,6,0.383438,0.288083
4,NSGA-III,720,8,0.386979,0.290743
4,NSGA-III,740,11,0.388511,0.291894
4,NSGA-III,760,6,0.612060,0.459850
4,NSGA-III,780,7,0.614932,0.462008
4,NSGA-III,800,8,0.617857,0.464205
4,NSGA-III,820,10,0.629266,0.472777
4,NSGA-III,840,11,0.633089,0.475649
4,NSGA-III,860,11,0.633170,0.475710
4,NSGA-III,880,11,0.633170,0.475710
4,NSGA-III,900,5,0.637549,0.479000
4,NSGA-III,920,7,0.638272,0.479543
4,NSGA-III,940,7,0.638272,0.479543
4,NSGA-III,960,9,0.642300,0.482570
4,NSGA-III,980,9,0.645818,0.485212
4,NSGA-III,1000,6,0.660972,0.496598
5,MOGWO,20,20,0.000000,0.000000
5,MOGWO,40,29,0.000000,0.000000
5,MOGWO,60,23,0.000000,0.000000
5,MOGWO,80,25,0.000000,0.000000
5,MOGWO,100,23,0.000000,0.000000
5,MOGWO,120,30,0.000000,0.000000
5,MOGWO,140,30,0.000000,0.000000
5,MOGWO,160,33,0.000000,0.000000
5,MOGWO,180,40,0.000000,0.000000
5,MOGWO,200,41,0.000000,0.000000
5,MOGWO,220,47,0.000000,0.000000
5,MOGWO,240,40,0.000000,0.000000
5,MOGWO,260,35,0.000000,0.000000
5,MOGWO,280,23,0.000000,0.000000
5,MOGWO,300,28,0.000000,0.000000
5,MOGWO,320,24,0.000000,0.000000
5,MOGWO,340,26,0.000000,0.000000
5,MOGWO,360,27,0.000000,0.000000
5,MOGWO,380,28,0.000000,0.000000
5,MOGWO,400,23,0.000000,0.000000
5,MOGWO,420,13,0.000000,0.000000
5,MOGWO,440,6,0.000000,0.000000
5,MOGWO,460,12,0.000000,0.000000
5,MOGWO,480,14,0.000000,0.000000
5,MOGWO,500,13,0.000054,0.000040
5,MOGWO,520,9,0.000054,0.000040
5,MOGWO,540,8,0.000419,0.000315
5,MOGWO,560,13,0.001700,0.001277
5,MOGWO,580,16,0.001700,0.001277
5,MOGWO,600,17,0.002141,0.001608
5,MOGWO,620,24,0.019085,0.014339
5,MOGWO,640,17,0.038326,0.028795
5,MOGWO,660,18,0.046539,0.034966
5,MOGWO,680,22,0.053586,0.040260
5,MOGWO,700,15,0.062040,0.046611
5,MOGWO,720,15,0.069227,0.052011
5,MOGWO,740,17,0.072008,0.054101
5,MOGWO,760,22,0.076022,0.057116
5,MOGWO,780,19,0.080506,0.060485
5,MOGWO,800,24,0.082870,0.062261
5,MOGWO,820,24,0.083094,0.062430
5,MOGWO,840,24,0.086816,0.065226
5,MOGWO,860,28,0.090721,0.068160
5,MOGWO,880,37,0.093035,0.069899
5,MOGWO,900,31,0.094914,0.071311
5,MOGWO,920,31,0.096501,0.072502
5,MOGWO,940,35,0.096523,0.072519
5,MOGWO,960,33,0.097321,0.073118
5,MOGWO,980,33,0.097331,0.073127
5,MOGWO,1000,31,0.097355,0.073144
5,NSGA-II,20,24,0.000000,0.000000
5,NSGA-II,40,13,0.000000,0.000000
5,NSGA-II,60,26,0.000000,0.000000
5,NSGA-II,80,9,0.000000,0.000000
5,NSGA-II,100,12,0.000000,0.000000
5,NSGA-II,120,11,0.000000,0.000000
5,NSGA-II,140,10,0.000000,0.000000
5,NSGA-II,160,11,0.040422,0.030369
5,NSGA-II,180,12,0.083043,0.062392
5,NSGA-II,200,16,0.100467,0.075482
5,NSGA-II,220,10,0.136250,0.102367
5,NSGA-II,240,16,0.150588,0.113139
5,NSGA-II,260,11,0.229112,0.172135
5,NSGA-II,280,14,0.271546,0.204017
5,NSGA-II,300,8,0.324167,0.243551
5,NSGA-II,320,10,0.342338,0.257203
5,NSGA-II,340,13,0.367261,0.275929
5,NSGA-II,360,11,0.373891,0.280910
5,NSGA-II,380,12,0.386538,0.290412
5,NSGA-II,400,16,0.391584,0.294203
5,NSGA-II,420,21,0.397325,0.298516
5,NSGA-II,440,22,0.399625,0.300244
5,NSGA-II,460,13,0.451040,0.338873
5,NSGA-II,480,14,0.463424,0.348177
5,NSGA-II,500,14,0.485432,0.364712
5,NSGA-II,520,6,0.570084,0.428313
5,NSGA-II,540,9,0.576436,0.433085
5,NSGA-II,560,10,0.605657,0.455039
5,NSGA-II,580,11,0.616056,0.462852
5,NSGA-II,600,8,0.653238,0.490787
5,NSGA-II,620,9,0.653405,0.490913
5,NSGA-II,640,10,0.653550,0.491022
5,NSGA-II,660,10,0.653550,0.491022
5,NSGA-II,680,6,0.725614,0.545164
5,NSGA-II,700,6,0.790789,0.594131
5,NSGA-II,720,7,0.817188,0.613966
5,NSGA-II,740,9,0.822626,0.618051
5,NSGA-II,760,3,0.987376,0.741830
5,NSGA-II,780,1,1.116929,0.839165
5,NSGA-II,800,2,1.142911,0.858686
5,NSGA-II,820,3,1.143341,0.859009
5,NSGA-II,840,3,1.143341,0.859009
5,NSGA-II,860,4,1.143963,0.859476
5,NSGA-II,880,2,1.145924,0.860949
5,NSGA-II,900,2,1.145924,0.860949
5,NSGA-II,920,1,1.208296,0.907811
5,NSGA-II,940,1,1.208296,0.907811
5,NSGA-II,960,2,1.208557,0.908006
5,NSGA-II,980,2,1.328791,0.998340
5,NSGA-II,1000,2,1.328791,0.998340
5,NSGA-III,20,27,0.000000,0.000000
5,NSGA-III,40,24,0.000000,0.000000
5,NSGA-III,60,39,0.000000,0.000000
5,NSGA-III,80,32,0.000000,0.000000
5,NSGA-III,100,22,0.000000,0.000000
5,NSGA-III,120,28,0.000000,0.000000
5,NSGA-III,140,32,0.000000,0.000000
5,NSGA-III,160,32,0.000000,0.000000
5,NSGA-III,180,24,0.000000,0.000000
5,NSGA-III,200,24,0.000000,0.000000
5,NSGA-III,220,36,0.000000,0.000000
5,NSGA-III,240,40,0.000000,0.000000
5,NSGA-III,260,46,0.000000,0.000000
5,NSGA-III,280,40,0.000000,0.000000
5,NSGA-III,300,46,0.000000,0.000000
5,NSGA-III,320,33,0.000000,0.000000
5,NSGA-III,340,31,0.000000,0.000000
5,NSGA-III,360,34,0.000000,0.000000
5,NSGA-III,380,36,0.000000,0.000000
5,NSGA-III,400,36,0.000011,0.000008
5,NSGA-III,420,37,0.001651,0.001241
5,NSGA-III,440,32,0.045834,0.034435
5,NSGA-III,460,10,0.159245,0.119643
5,NSGA-III,480,15,0.159959,0.120180
5,NSGA-III,500,14,0.159959,0.120180
5,NSGA-III,520,7,0.171096,0.128547
5,NSGA-III,540,8,0.171096,0.128547
5,NSGA-III,560,6,0.214214,0.160942
5,NSGA-III,580,7,0.214214,0.160942
5,NSGA-III,600,9,0.243575,0.183002
5,NSGA-III,620,10,0.243575,0.183002
5,NSGA-III,640,11,0.246138,0.184927
5,NSGA-III,660,8,0.246138,0.184927
5,NSGA-III,680,11,0.270751,0.203419
5,NSGA-III,700,12,0.271757,0.204175
5,NSGA-III,720,6,0.387226,0.290929
5,NSGA-III,740,8,0.391296,0.293987
5,NSGA-III,760,8,0.410015,0.308050
5,NSGA-III,780,9,0.539300,0.405184
5,NSGA-III,800,2,0.617360,0.463832
5,NSGA-III,820,3,0.623211,0.468227
5,NSGA-III,840,3,0.623211,0.468227
5,NSGA-III,860,4,0.624107,0.468901
5,NSGA-III,880,2,0.696448,0.523251
5,NSGA-III,900,3,0.705041,0.529707
5,NSGA-III,920,4,0.705058,0.529721
5,NSGA-III,940,3,0.718420,0.539759
5,NSGA-III,960,4,0.748849,0.562621
5,NSGA-III,980,5,0.891284,0.669635
5,NSGA-III,1000,4,0.951065,0.714549
6,MOGWO,20,33,0.000000,0.000000
6,MOGWO,40,50,0.000000,0.000000
6,MOGWO,60,41,0.000000,0.000000
6,MOGWO,80,47,0.000000,0.000000
6,MOGWO,100,52,0.004683,0.003518
6,MOGWO,120,50,0.004683,0.003518
6,MOGWO,140,39,0.004683,0.003518
6,MOGWO,160,40,0.004683,0.003518
6,MOGWO,180,46,0.004683,0.003518
6,MOGWO,200,56,0.005482,0.004118
6,MOGWO,220,44,0.005482,0.004118
6,MOGWO,240,51,0.009792,0.007357
6,MOGWO,260,49,0.009792,0.007357
6,MOGWO,280,54,0.009792,0.007357
6,MOGWO,300,60,0.009792,0.007357
6,MOGWO,320,40,0.009792,0.007357
6,MOGWO,340,51,0.014998,0.011268
6,MOGWO,360,43,0.018344,0.013782
6,MOGWO,380,48,0.018518,0.013913
6,MOGWO,400,43,0.039512,0.029686
6,MOGWO,420,51,0.044384,0.033346
6,MOGWO,440,75,0.050752,0.038131
6,MOGWO,460,75,0.055397,0.041621
6,MOGWO,480,99,0.058936,0.044279
6,MOGWO,500,100,0.063243,0.047515
6,MOGWO,520,88,0.065800,0.049437
6,MOGWO,540,72,0.093881,0.070534
6,MOGWO,560,36,0.111752,0.083961
6,MOGWO,580,48,0.116576,0.087586
6,MOGWO,600,55,0.125155,0.094031
6,MOGWO,620,55,0.132330,0.099421
6,MOGWO,640,56,0.138661,0.104178
6,MOGWO,660,66,0.139383,0.104720
6,MOGWO,680,71,0.140515,0.105571
6,MOGWO,700,87,0.144614,0.108650
6,MOGWO,720,88,0.149554,0.112362
6,MOGWO,740,77,0.171423,0.128793
6,MOGWO,760,87,0.173699,0.130502
6,MOGWO,780,85,0.176090,0.132299
6,MOGWO,800,71,0.182783,0.137327
6,MOGWO,820,76,0.185372,0.139273
6,MOGWO,840,80,0.185546,0.139403
6,MOGWO,860,90,0.187182,0.140632
6,MOGWO,880,91,0.189134,0.142099
6,MOGWO,900,98,0.189312,0.142233
6,MOGWO,920,100,0.189581,0.142435
6,MOGWO,940,91,0.190591,0.143194
6,MOGWO,960,100,0.191217,0.143664
6,MOGWO,980,97,0.191708,0.144033
6,MOGWO,1000,93,0.194914,0.146442
6,NSGA-II,20,37,0.009795,0.007359
6,NSGA-II,40,37,0.017206,0.012927
6,NSGA-II,60,25,0.030552,0.022954
6,NSGA-II,80,33,0.038843,0.029184
6,NSGA-II,100,20,0.043760,0.032878
6,NSGA-II,120,23,0.045567,0.034235
6,NSGA-II,140,23,0.051320,0.038557
6,NSGA-II,160,31,0.126779,0.095251
6,NSGA-II,180,23,0.178837,0.134363
6,NSGA-II,200,35,0.186742,0.140302
6,NSGA-II,220,27,0.204378,0.153552
6,NSGA-II,240,29,0.207753,0.156088
6,NSGA-II,260,28,0.243703,0.183098
6,NSGA-II,280,26,0.279654,0.210108
6,NSGA-II,300,33,0.287331,0.215876
6,NSGA-II,320,31,0.296175,0.222521
6,NSGA-II,340,43,0.396113,0.297605
6,NSGA-II,360,34,0.546324,0.410461
6,NSGA-II,380,29,0.587751,0.441586
6,NSGA-II,400,22,0.606974,0.456029
6,NSGA-II,420,17,0.628199,0.471975
6,NSGA-II,440,21,0.650592,0.488799
6,NSGA-II,460,22,0.658723,0.494909
6,NSGA-II,480,21,0.658919,0.495055
6,NSGA-II,500,23,0.701352,0.526936
6,NSGA-II,520,23,0.751813,0.564849
6,NSGA-II,540,25,0.773973,0.581497
6,NSGA-II,560,28,0.774053,0.581557
6,NSGA-II,580,27,0.781879,0.587437
6,NSGA-II,600,30,0.784869,0.589683
6,NSGA-II,620,31,0.786242,0.590716
6,NSGA-II,640,33,0.787230,0.591457
6,NSGA-II,660,32,0.826606,0.621041
6,NSGA-II,680,34,0.832278,0.625303
6,NSGA-II,700,35,0.833452,0.626185
6,NSGA-II,720,23,0.883652,0.663901
6,NSGA-II,740,24,0.883685,0.663925
6,NSGA-II,760,14,0.930896,0.699396
6,NSGA-II,780,12,0.931498,0.699848
6,NSGA-II,800,14,0.931503,0.699852
6,NSGA-II,820,13,0.933086,0.701041
6,NSGA-II,840,16,0.973062,0.731076
6,NSGA-II,860,18,0.973293,0.731250
6,NSGA-II,880,21,0.973327,0.731275
6,NSGA-II,900,20,0.974519,0.732170
6,NSGA-II,920,21,1.002583,0.753256
6,NSGA-II,940,26,1.004048,0.754356
6,NSGA-II,960,16,1.110992,0.834704
6,NSGA-II,980,18,1.113646,0.836699
6,NSGA-II,1000,20,1.113710,0.836747
6,NSGA-III,20,22,0.004053,0.003045
6,NSGA-III,40,27,0.028412,0.021346
6,NSGA-III,60,29,0.038476,0.028908
6,NSGA-III,80,22,0.053286,0.040034
6,NSGA-III,100,24,0.055258,0.041516
6,NSGA-III,120,19,0.068301,0.051316
6,NSGA-III,140,29,0.069118,0.051929
6,NSGA-III,160,42,0.070457,0.052936
6,NSGA-III,180,45,0.073041,0.054877
6,NSGA-III,200,42,0.074343,0.055855
6,NSGA-III,220,19,0.117071,0.087957
6,NSGA-III,240,24,0.140017,0.105197
6,NSGA-III,260,24,0.147720,0.110984
6,NSGA-III,280,16,0.182642,0.137222
6,NSGA-III,300,16,0.196119,0.147347
6,NSGA-III,320,21,0.201727,0.151560
6,NSGA-III,340,25,0.246083,0.184886
6,NSGA-III,360,30,0.276228,0.207534
6,NSGA-III,380,31,0.306711,0.230437
6,NSGA-III,400,33,0.309592,0.232601
6,NSGA-III,420,33,0.352426,0.264783
6,NSGA-III,440,21,0.410845,0.308674
6,NSGA-III,460,25,0.416789,0.313140
6,NSGA-III,480,29,0.417985,0.314039
6,NSGA-III,500,26,0.423394,0.318102
6,NSGA-III,520,19,0.494292,0.371369
6,NSGA-III,540,16,0.524965,0.394414
6,NSGA-III,560,19,0.525957,0.395159
6,NSGA-III,580,20,0.526626,0.395662
6,NSGA-III,600,12,0.547391,0.411263
6,NSGA-III,620,12,0.547391,0.411263
6,NSGA-III,640,16,0.552215,0.414887
6,NSGA-III,660,16,0.692755,0.520477
6,NSGA-III,680,23,0.718880,0.540105
6,NSGA-III,700,20,0.753983,0.566478
6,NSGA-III,720,21,0.757319,0.568985
6,NSGA-III,740,10,0.834385,0.626886
6,NSGA-III,760,11,0.835338,0.627602
6,NSGA-III,780,13,0.837082,0.628912
6,NSGA-III,800,17,0.868387,0.652432
6,NSGA-III,820,15,0.871840,0.655026
6,NSGA-III,840,16,0.871911,0.655080
6,NSGA-III,860,7,1.125110,0.845311
6,NSGA-III,880,6,1.125482,0.845591
6,NSGA-III,900,8,1.128066,0.847532
6,NSGA-III,920,8,1.128066,0.847532
6,NSGA-III,940,9,1.129801,0.848837
6,NSGA-III,960,9,1.129801,0.848837
6,NSGA-III,980,10,1.129819,0.848850
6,NSGA-III,1000,12,1.139528,0.856144
7,MOGWO,20,25,0.000000,0.000000
7,MOGWO,40,24,0.000000,0.000000
7,MOGWO,60,37,0.000000,0.000000
7,MOGWO,80,38,0.000000,0.000000
7,MOGWO,100,43,0.000000,0.000000
7,MOGWO,120,44,0.000000,0.000000
7,MOGWO,140,42,0.000000,0.000000
7,MOGWO,160,46,0.000000,0.000000
7,MOGWO,180,40,0.000000,0.000000
7,MOGWO,200,39,0.000000,0.000000
7,MOGWO,220,46,0.000000,0.000000
7,MOGWO,240,47,0.000000,0.000000
7,MOGWO,260,36,0.000000,0.000000
7,MOGWO,280,42,0.000000,0.000000
7,MOGWO,300,39,0.000000,0.000000
7,MOGWO,320,46,0.004931,0.003704
7,MOGWO,340,47,0.019585,0.014715
7,MOGWO,360,43,0.019604,0.014729
7,MOGWO,380,50,0.019742,0.014832
7,MOGWO,400,62,0.039070,0.029354
7,MOGWO,420,44,0.047634,0.035788
7,MOGWO,440,60,0.055631,0.041796
7,MOGWO,460,62,0.060619,0.045544
7,MOGWO,480,48,0.070163,0.052715
7,MOGWO,500,50,0.091058,0.068413
7,MOGWO,520,70,0.094610,0.071082
7,MOGWO,540,69,0.101735,0.076435
7,MOGWO,560,74,0.104275,0.078343
7,MOGWO,580,83,0.107196,0.080538
7,MOGWO,600,96,0.108371,0.081421
7,MOGWO,620,97,0.108594,0.081588
7,MOGWO,640,100,0.110361,0.082916
7,MOGWO,660,87,0.111309,0.083628
7,MOGWO,680,85,0.116483,0.087515
7,MOGWO,700,100,0.118739,0.089211
7,MOGWO,720,99,0.122137,0.091763
7,MOGWO,740,99,0.123983,0.093150
7,MOGWO,760,100,0.124224,0.093331
7,MOGWO,780,98,0.127679,0.095927
7,MOGWO,800,100,0.128109,0.096250
7,MOGWO,820,100,0.130438,0.098000
7,MOGWO,840,98,0.132531,0.099572
7,MOGWO,860,100,0.134815,0.101289
7,MOGWO,880,94,0.135142,0.101534
7,MOGWO,900,98,0.139028,0.104454
7,MOGWO,920,100,0.139134,0.104534
7,MOGWO,940,93,0.140643,0.105667
7,MOGWO,960,92,0.142318,0.106925
7,MOGWO,980,100,0.142471,0.107041
7,MOGWO,1000,100,0.142963,0.107410
7,NSGA-II,20,39,0.000000,0.000000
7,NSGA-II,40,17,0.000000,0.000000
7,NSGA-II,60,3,0.007903,0.005938
7,NSGA-II,80,10,0.040609,0.030510
7,NSGA-II,100,2,0.242301,0.182044
7,NSGA-II,120,2,0.286533,0.215276
7,NSGA-II,140,1,0.518309,0.389413
7,NSGA-II,160,1,0.518309,0.389413
7,NSGA-II,180,3,0.523737,0.393491
7,NSGA-II,200,4,0.569364,0.427771
7,NSGA-II,220,4,0.833424,0.626164
7,NSGA-II,240,6,0.833706,0.626376
7,NSGA-II,260,5,0.835358,0.627617
7,NSGA-II,280,6,0.842085,0.632671
7,NSGA-II,300,8,0.845214,0.635022
7,NSGA-II,320,4,0.851059,0.639413
7,NSGA-II,340,5,0.872865,0.655797
7,NSGA-II,360,6,0.873355,0.656164
7,NSGA-II,380,4,0.893187,0.671064
7,NSGA-II,400,5,0.894109,0.671758
7,NSGA-II,420,7,0.907887,0.682109
7,NSGA-II,440,6,0.949627,0.713469
7,NSGA-II,460,7,0.949645,0.713482
7,NSGA-II,480,7,0.949645,0.713482
7,NSGA-II,500,7,0.950823,0.714368
7,NSGA-II,520,6,0.971910,0.730210
7,NSGA-II,540,3,0.980261,0.736485
7,NSGA-II,560,4,0.995717,0.748097
7,NSGA-II,580,4,0.995717,0.748097
7,NSGA-II,600,3,1.046224,0.786043
7,NSGA-II,620,3,1.046224,0.786043
7,NSGA-II,640,4,1.050893,0.789551
7,NSGA-II,660,5,1.055814,0.793249
7,NSGA-II,680,6,1.056147,0.793499
7,NSGA-II,700,7,1.094075,0.821995
7,NSGA-II,720,9,1.110247,0.834145
7,NSGA-II,740,11,1.117479,0.839579
7,NSGA-II,760,9,1.142619,0.858467
7,NSGA-II,780,7,1.151566,0.865189
7,NSGA-II,800,9,1.182732,0.888604
7,NSGA-II,820,9,1.183944,0.889515
7,NSGA-II,840,9,1.183944,0.889515
7,NSGA-II,860,7,1.186013,0.891069
7,NSGA-II,880,10,1.192603,0.896020
7,NSGA-II,900,11,1.202651,0.903569
7,NSGA-II,920,12,1.204726,0.905129
7,NSGA-II,940,12,1.204768,0.905160
7,NSGA-II,960,13,1.238167,0.930254
7,NSGA-II,980,13,1.238167,0.930254
7,NSGA-II,1000,11,1.294230,0.972374
7,NSGA-III,20,20,0.000000,0.000000
7,NSGA-III,40,21,0.000000,0.000000
7,NSGA-III,60,20,0.015230,0.011443
7,NSGA-III,80,24,0.016900,0.012697
7,NSGA-III,100,19,0.038472,0.028905
7,NSGA-III,120,6,0.168816,0.126834
7,NSGA-III,140,8,0.188191,0.141390
7,NSGA-III,160,10,0.190285,0.142964
7,NSGA-III,180,11,0.216428,0.162605
7,NSGA-III,200,15,0.240352,0.180580
7,NSGA-III,220,17,0.299013,0.224653
7,NSGA-III,240,18,0.343191,0.257844
7,NSGA-III,260,15,0.352452,0.264802
7,NSGA-III,280,14,0.389583,0.292700
7,NSGA-III,300,11,0.433374,0.325600
7,NSGA-III,320,16,0.473376,0.355654
7,NSGA-III,340,12,0.531051,0.398987
7,NSGA-III,360,17,0.536530,0.403103
7,NSGA-III,380,13,0.592514,0.445165
7,NSGA-III,400,8,0.604046,0.453828
7,NSGA-III,420,10,0.637188,0.478729
7,NSGA-III,440,12,0.639123,0.480182
7,NSGA-III,460,12,0.672064,0.504932
7,NSGA-III,480,12,0.672064,0.504932
7,NSGA-III,500,13,0.672838,0.505513
7,NSGA-III,520,13,0.672880,0.505544
7,NSGA-III,540,15,0.674558,0.506806
7,NSGA-III,560,8,0.677329,0.508888
7,NSGA-III,580,10,0.684535,0.514302
7,NSGA-III,600,3,0.729417,0.548022
7,NSGA-III,620,6,0.738164,0.554593
7,NSGA-III,640,8,0.738948,0.555182
7,NSGA-III,660,8,0.741724,0.557268
7,NSGA-III,680,9,0.751828,0.564859
7,NSGA-III,700,11,0.751916,0.564926
7,NSGA-III,720,12,0.756483,0.568357
7,NSGA-III,740,13,0.756908,0.568676
7,NSGA-III,760,12,0.757203,0.568898
7,NSGA-III,780,15,0.813654,0.611310
7,NSGA-III,800,11,0.835868,0.628000
7,NSGA-III,820,12,0.837467,0.629201
7,NSGA-III,840,10,0.838585,0.630041
7,NSGA-III,860,3,0.866280,0.650849
7,NSGA-III,880,3,0.893148,0.671035
7,NSGA-III,900,4,0.899083,0.675494
7,NSGA-III,920,1,0.908944,0.682903
7,NSGA-III,940,1,0.908944,0.682903
7,NSGA-III,960,1,0.908944,0.682903
7,NSGA-III,980,1,0.908944,0.682903
7,NSGA-III,1000,2,0.918819,0.690322
8,MOGWO,20,26,0.000000,0.000000
8,MOGWO,40,25,0.000000,0.000000
8,MOGWO,60,32,0.000000,0.000000
8,MOGWO,80,31,0.000000,0.000000
8,MOGWO,100,41,0.000000,0.000000
8,MOGWO,120,48,0.000000,0.000000
8,MOGWO,140,62,0.004217,0.003168
8,MOGWO,160,68,0.004312,0.003240
8,MOGWO,180,66,0.009957,0.007481
8,MOGWO,200,54,0.010280,0.007723
8,MOGWO,220,54,0.010926,0.008209
8,MOGWO,240,56,0.031454,0.023632
8,MOGWO,260,63,0.031649,0.023778
8,MOGWO,280,57,0.031752,0.023856
8,MOGWO,300,54,0.032451,0.024381
8,MOGWO,320,55,0.033039,0.024823
8,MOGWO,340,55,0.036709,0.027580
8,MOGWO,360,65,0.038752,0.029115
8,MOGWO,380,40,0.058202,0.043728
8,MOGWO,400,44,0.059143,0.044435
8,MOGWO,420,49,0.060056,0.045121
8,MOGWO,440,51,0.071477,0.053702
8,MOGWO,460,56,0.073950,0.055560
8,MOGWO,480,61,0.078314,0.058839
8,MOGWO,500,56,0.095671,0.071879
8,MOGWO,520,48,0.119394,0.089702
8,MOGWO,540,50,0.122861,0.092307
8,MOGWO,560,57,0.124184,0.093301
8,MOGWO,580,46,0.126031,0.094689
8,MOGWO,600,49,0.132283,0.099386
8,MOGWO,620,55,0.132985,0.099914
8,MOGWO,640,67,0.134169,0.100803
8,MOGWO,660,76,0.141018,0.105949
8,MOGWO,680,66,0.143219,0.107602
8,MOGWO,700,72,0.145318,0.109179
8,MOGWO,720,78,0.146018,0.109706
8,MOGWO,740,87,0.146426,0.110012
8,MOGWO,760,92,0.147697,0.110967
8,MOGWO,780,90,0.147808,0.111050
8,MOGWO,800,63,0.151718,0.113988
8,MOGWO,820,68,0.152616,0.114662
8,MOGWO,840,74,0.152742,0.114757
8,MOGWO,860,77,0.153216,0.115113
8,MOGWO,880,79,0.153352,0.115216
8,MOGWO,900,79,0.153822,0.115569
8,MOGWO,920,82,0.153888,0.115618
8,MOGWO,940,86,0.154085,0.115767
8,MOGWO,960,84,0.154248,0.115889
8,MOGWO,980,90,0.154254,0.115893
8,MOGWO,1000,93,0.154391,0.115996
8,NSGA-II,20,17,0.000000,0.000000
8,NSGA-II,40,21,0.027937,0.020990
8,NSGA-II,60,26,0.030801,0.023141
8,NSGA-II,80,34,0.043379,0.032591
8,NSGA-II,100,45,0.058267,0.043777
8,NSGA-II,120,44,0.066878,0.050246
8,NSGA-II,140,41,0.068955,0.051807
8,NSGA-II,160,21,0.153217,0.115115
8,NSGA-II,180,21,0.154265,0.115901
8,NSGA-II,200,25,0.159943,0.120167
8,NSGA-II,220,34,0.167382,0.125756
8,NSGA-II,240,30,0.169101,0.127048
8,NSGA-II,260,29,0.172234,0.129402
8,NSGA-II,280,23,0.258534,0.194240
8,NSGA-II,300,21,0.309894,0.232828
8,NSGA-II,320,20,0.316620,0.237882
8,NSGA-II,340,24,0.326296,0.245151
8,NSGA-II,360,28,0.429921,0.323006
8,NSGA-II,380,31,0.450646,0.338577
8,NSGA-II,400,33,0.479186,0.360020
8,NSGA-II,420,29,0.540409,0.406017
8,NSGA-II,440,30,0.549728,0.413019
8,NSGA-II,460,20,0.572809,0.430360
8,NSGA-II,480,23,0.576684,0.433271
8,NSGA-II,500,20,0.643392,0.483390
8,NSGA-II,520,26,0.645119,0.484688
8,NSGA-II,540,26,0.652581,0.490294
8,NSGA-II,560,26,0.654852,0.492000
8,NSGA-II,580,30,0.655006,0.492115
8,NSGA-II,600,25,0.671810,0.504741
8,NSGA-II,620,21,0.672166,0.505008
8,NSGA-II,640,24,0.674827,0.507008
8,NSGA-II,660,21,0.674869,0.507039
8,NSGA-II,680,19,0.689851,0.518295
8,NSGA-II,700,24,0.692723,0.520453
8,NSGA-II,720,22,0.804278,0.604266
8,NSGA-II,740,24,0.804402,0.604359
8,NSGA-II,760,20,0.817154,0.613940
8,NSGA-II,780,18,0.823538,0.618736
8,NSGA-II,800,22,0.827775,0.621920
8,NSGA-II,820,22,0.843757,0.633927
8,NSGA-II,840,14,0.856869,0.643778
8,NSGA-II,860,14,0.856869,0.643778
8,NSGA-II,880,15,0.870210,0.653802
8,NSGA-II,900,19,0.920961,0.691931
8,NSGA-II,920,23,0.928836,0.697848
8,NSGA-II,940,19,0.964184,0.724406
8,NSGA-II,960,18,0.969326,0.728269
8,NSGA-II,980,18,1.014075,0.761890
8,NSGA-II,1000,18,1.014075,0.761890
8,NSGA-III,20,36,0.000000,0.000000
8,NSGA-III,40,25,0.000507,0.000381
8,NSGA-III,60,24,0.029778,0.022373
8,NSGA-III,80,24,0.053539,0.040224
8,NSGA-III,100,23,0.061124,0.045923
8,NSGA-III,120,30,0.061431,0.046154
8,NSGA-III,140,22,0.065957,0.049554
8,NSGA-III,160,36,0.071122,0.053435
8,NSGA-III,180,34,0.071200,0.053494
8,NSGA-III,200,40,0.071362,0.053616
8,NSGA-III,220,39,0.071546,0.053753
8,NSGA-III,240,43,0.072028,0.054115
8,NSGA-III,260,14,0.075405,0.056653
8,NSGA-III,280,22,0.089510,0.067250
8,NSGA-III,300,34,0.116349,0.087415
8,NSGA-III,320,44,0.118349,0.088917
8,NSGA-III,340,38,0.127294,0.095638
8,NSGA-III,360,45,0.128995,0.096916
8,NSGA-III,380,51,0.130487,0.098037
8,NSGA-III,400,53,0.134083,0.100738
8,NSGA-III,420,40,0.145141,0.109046
8,NSGA-III,440,27,0.206988,0.155513
8,NSGA-III,460,29,0.207855,0.156164
8,NSGA-III,480,33,0.228510,0.171683
8,NSGA-III,500,33,0.244429,0.183643
8,NSGA-III,520,39,0.248427,0.186647
8,NSGA-III,540,40,0.250493,0.188199
8,NSGA-III,560,41,0.255269,0.191788
8,NSGA-III,580,38,0.265042,0.199130
8,NSGA-III,600,44,0.292821,0.220001
8,NSGA-III,620,49,0.305427,0.229472
8,NSGA-III,640,47,0.316694,0.237937
8,NSGA-III,660,53,0.320798,0.241020
8,NSGA-III,680,50,0.325266,0.244377
8,NSGA-III,700,57,0.332109,0.249518
8,NSGA-III,720,61,0.337608,0.253650
8,NSGA-III,740,56,0.353108,0.265295
8,NSGA-III,760,55,0.355123,0.266809
8,NSGA-III,780,58,0.356673,0.267974
8,NSGA-III,800,53,0.368957,0.277203
8,NSGA-III,820,52,0.379073,0.284803
8,NSGA-III,840,52,0.380319,0.285739
8,NSGA-III,860,43,0.425466,0.319659
8,NSGA-III,880,43,0.430511,0.323449
8,NSGA-III,900,44,0.430625,0.323535
8,NSGA-III,920,41,0.447706,0.336368
8,NSGA-III,940,40,0.496473,0.373007
8,NSGA-III,960,47,0.500516,0.376045
8,NSGA-III,980,48,0.505061,0.379460
8,NSGA-III,1000,36,0.535220,0.402119
9,MOGWO,20,35,0.000000,0.000000
9,MOGWO,40,46,0.000000,0.000000
9,MOGWO,60,55,0.000000,0.000000
9,MOGWO,80,50,0.000000,0.000000
9,MOGWO,100,46,0.000000,0.000000
9,MOGWO,120,52,0.000000,0.000000
9,MOGWO,140,50,0.000000,0.000000
9,MOGWO,160,41,0.000000,0.000000
9,MOGWO,180,47,0.000000,0.000000
9,MOGWO,200,24,0.000000,0.000000
9,MOGWO,220,25,0.000000,0.000000
9,MOGWO,240,24,0.000000,0.000000
9,MOGWO,260,20,0.000000,0.000000
9,MOGWO,280,9,0.000000,0.000000
9,MOGWO,300,4,0.000000,0.000000
9,MOGWO,320,4,0.387843,0.291392
9,MOGWO,340,2,0.446743,0.335644
9,MOGWO,360,6,0.632781,0.475418
9,MOGWO,380,3,0.869628,0.653364
9,MOGWO,400,7,0.871840,0.655026
9,MOGWO,420,3,0.905552,0.680355
9,MOGWO,440,12,1.078374,0.810198
9,MOGWO,460,11,1.135370,0.853020
9,MOGWO,480,4,1.161550,0.872690
9,MOGWO,500,6,1.163522,0.874171
9,MOGWO,520,9,1.172301,0.880767
9,MOGWO,540,12,1.176459,0.883891
9,MOGWO,560,14,1.197595,0.899771
9,MOGWO,580,6,1.202891,0.903750
9,MOGWO,600,7,1.203061,0.903878
9,MOGWO,620,8,1.203671,0.904336
9,MOGWO,640,6,1.204742,0.905140
9,MOGWO,660,6,1.204748,0.905145
9,MOGWO,680,7,1.207036,0.906864
9,MOGWO,700,9,1.242387,0.933424
9,MOGWO,720,10,1.242435,0.933460
9,MOGWO,740,18,1.248748,0.938203
9,MOGWO,760,20,1.249236,0.938570
9,MOGWO,780,19,1.252356,0.940914
9,MOGWO,800,16,1.287465,0.967292
9,MOGWO,820,17,1.301110,0.977543
9,MOGWO,840,21,1.301495,0.977832
9,MOGWO,860,24,1.316114,0.988816
9,MOGWO,880,14,1.324093,0.994811
9,MOGWO,900,14,1.324398,0.995040
9,MOGWO,920,19,1.327579,0.997430
9,MOGWO,940,16,1.327718,0.997534
9,MOGWO,960,17,1.327723,0.997538
9,MOGWO,980,18,1.327725,0.997539
9,MOGWO,1000,19,1.327731,0.997544
9,NSGA-II,20,35,0.000000,0.000000
9,NSGA-II,40,40,0.000000,0.000000
9,NSGA-II,60,31,0.000000,0.000000
9,NSGA-II,80,36,0.000000,0.000000
9,NSGA-II,100,35,0.000000,0.000000
9,NSGA-II,120,36,0.000000,0.000000
9,NSGA-II,140,33,0.000000,0.000000
9,NSGA-II,160,33,0.000000,0.000000
9,NSGA-II,180,33,0.000000,0.000000
9,NSGA-II,200,36,0.000000,0.000000
9,NSGA-II,220,42,0.000000,0.000000
9,NSGA-II,240,48,0.000000,0.000000
9,NSGA-II,260,47,0.000000,0.000000
9,NSGA-II,280,53,0.000000,0.000000
9,NSGA-II,300,49,0.000000,0.000000
9,NSGA-II,320,52,0.000000,0.000000
9,NSGA-II,340,58,0.000000,0.000000
9,NSGA-II,360,67,0.000000,0.000000
9,NSGA-II,380,70,0.000000,0.000000
9,NSGA-II,400,72,0.000000,0.000000
9,NSGA-II,420,80,0.000000,0.000000
9,NSGA-II,440,85,0.000000,0.000000
9,NSGA-II,460,85,0.000000,0.000000
9,NSGA-II,480,88,0.000000,0.000000
9,NSGA-II,500,89,0.000000,0.000000
9,NSGA-II,520,92,0.000000,0.000000
9,NSGA-II,540,100,0.000000,0.000000
9,NSGA-II,560,93,0.000000,0.000000
9,NSGA-II,580,65,0.000000,0.000000
9,NSGA-II,600,61,0.000000,0.000000
9,NSGA-II,620,62,0.000000,0.000000
9,NSGA-II,640,67,0.000000,0.000000
9,NSGA-II,660,38,0.000000,0.000000
9,NSGA-II,680,41,0.000000,0.000000
9,NSGA-II,700,44,0.000000,0.000000
9,NSGA-II,720,55,0.000000,0.000000
9,NSGA-II,740,57,0.000000,0.000000
9,NSGA-II,760,35,0.000000,0.000000
9,NSGA-II,780,34,0.000000,0.000000
9,NSGA-II,800,24,0.009843,0.007395
9,NSGA-II,820,30,0.009852,0.007402
9,NSGA-II,840,12,0.011232,0.008439
9,NSGA-II,860,17,0.011301,0.008490
9,NSGA-II,880,10,0.011683,0.008778
9,NSGA-II,900,8,0.030298,0.022764
9,NSGA-II,920,12,0.039696,0.029824
9,NSGA-II,940,19,0.040045,0.030087
9,NSGA-II,960,24,0.044012,0.033067
9,NSGA-II,980,19,0.049987,0.037556
9,NSGA-II,1000,10,0.177119,0.133072
9,NSGA-III,20,28,0.000000,0.000000
9,NSGA-III,40,29,0.000000,0.000000
9,NSGA-III,60,47,0.000000,0.000000
9,NSGA-III,80,25,0.000000,0.000000
9,NSGA-III,100,28,0.000000,0.000000
9,NSGA-III,120,40,0.000000,0.000000
9,NSGA-III,140,21,0.000000,0.000000
9,NSGA-III,160,29,0.000000,0.000000
9,NSGA-III,180,25,0.000000,0.000000
9,NSGA-III,200,7,0.003686,0.002769
9,NSGA-III,220,7,0.003686,0.002769
9,NSGA-III,240,10,0.003686,0.002769
9,NSGA-III,260,9,0.043609,0.032764
9,NSGA-III,280,15,0.188101,0.141323
9,NSGA-III,300,20,0.188527,0.141643
9,NSGA-III,320,5,0.214283,0.160994
9,NSGA-III,340,6,0.214287,0.160997
9,NSGA-III,360,9,0.218104,0.163865
9,NSGA-III,380,11,0.232634,0.174781
9,NSGA-III,400,3,0.313959,0.235882
9,NSGA-III,420,5,0.364410,0.273786
9,NSGA-III,440,5,0.364434,0.273804
9,NSGA-III,460,5,0.364434,0.273804
9,NSGA-III,480,4,0.366688,0.275498
9,NSGA-III,500,4,0.366688,0.275498
9,NSGA-III,520,4,0.366688,0.275498
9,NSGA-III,540,4,0.366688,0.275498
9,NSGA-III,560,6,0.406371,0.305313
9,NSGA-III,580,6,0.406371,0.305313
9,NSGA-III,600,6,0.406371,0.305313
9,NSGA-III,620,4,0.422594,0.317501
9,NSGA-III,640,5,0.423100,0.317881
9,NSGA-III,660,5,0.437271,0.328528
9,NSGA-III,680,5,0.437271,0.328528
9,NSGA-III,700,5,0.514318,0.386415
9,NSGA-III,720,7,0.524814,0.394300
9,NSGA-III,740,7,0.524814,0.394300
9,NSGA-III,760,7,0.524814,0.394300
9,NSGA-III,780,8,0.525461,0.394787
9,NSGA-III,800,8,0.525461,0.394787
9,NSGA-III,820,10,0.526380,0.395477
9,NSGA-III,840,10,0.526380,0.395477
9,NSGA-III,860,12,0.579484,0.435375
9,NSGA-III,880,12,0.579484,0.435375
9,NSGA-III,900,13,0.583028,0.438037
9,NSGA-III,920,13,0.583887,0.438683
9,NSGA-III,940,12,0.590812,0.443886
9,NSGA-III,960,12,0.590812,0.443886
9,NSGA-III,980,12,0.595942,0.447740
9,NSGA-III,1000,12,0.595942,0.447740
